City_ID,City,Lat,Lng,Max Temp,Humidity,Cloudiness,Wind Speed,Country,Date
0,narsaq,60.9167,-46.05,6.12,98,100,1.81,GL,1677213501
1,cape town,-33.9258,18.4232,20.77,81,0,5.66,ZA,1677213502
2,ribeira grande,38.5167,-28.7,13.21,91,100,0.89,PT,1677213502
3,kapaa,22.0752,-159.319,24.99,83,100,7.2,US,1677213503
4,saskylakh,71.9167,114.0833,-23.05,98,100,2.08,RU,1677213504
5,khani,41.9563,42.9566,-3.24,98,100,0.86,GE,1677213504
6,albany,42.6001,-73.9662,3.23,93,99,0.45,US,1677213505
7,coaldale,49.7167,-112.6185,-26.45,76,100,3.09,CA,1677213506
8,faya,18.3851,42.4509,8.29,39,3,1.83,SA,1677213506
9,marsh harbour,26.5412,-77.0636,23.69,75,5,2.44,BS,1677213362
10,cabo san lucas,22.8909,-109.9124,20.28,79,99,2.9,MX,1677213371
11,antofagasta,-23.65,-70.4,19.6,81,15,1.82,CL,1677213484
12,longyearbyen,78.2186,15.6401,0.91,69,75,6.69,SJ,1677213509
13,arraial do cabo,-22.9661,-42.0278,23.73,91,100,5.63,BR,1677213509
14,road town,18.4167,-64.6167,24.05,71,61,8.81,VG,1677213510
15,manzhouli,49.6,117.4333,-11.5,77,2,3.61,CN,1677213511
16,tuktoyaktuk,69.4541,-133.0374,-14.0,92,100,10.8,CA,1677213511
17,flinders,-34.5833,150.8552,25.59,62,67,4.8,AU,1677213512
18,saint george,37.1041,-113.5841,1.35,91,100,2.57,US,1677213512
19,ushuaia,-54.8,-68.3,6.81,76,75,1.03,AR,1677213513
20,cabedelo,-6.9811,-34.8339,25.37,83,61,3.97,BR,1677213514
21,rikitea,-23.1203,-134.9692,26.83,72,50,3.47,PF,1677213515
22,avarua,-21.2078,-159.775,29.03,74,40,1.54,CK,1677213515
23,kamaishi,39.2667,141.8833,6.02,70,100,1.06,JP,1677213516
24,hilo,19.7297,-155.09,21.25,97,100,2.57,US,1677213413
25,nadym,65.5333,72.5167,-6.55,95,100,2.2,RU,1677213517
26,busselton,-33.65,115.3333,25.04,32,2,1.19,AU,1677213517
27,butaritari,3.0707,172.7902,26.99,77,50,3.99,KI,1677213518
28,dali,25.7,100.1833,18.59,29,1,1.56,CN,1677213519
29,bambous virieux,-20.3428,57.7575,27.9,83,40,2.06,MU,1677213519
30,paamiut,61.994,-49.6678,-1.42,90,100,13.25,GL,1677213520
31,ilulissat,69.2167,-51.1,0.01,69,75,6.69,GL,1677213521
32,mpika,-11.8343,31.4529,17.05,98,100,2.12,ZM,1677213522
33,port alfred,-33.5906,26.891,21.77,97,97,1.79,ZA,1677213522
34,guerrero negro,27.9769,-114.0611,13.86,58,43,3.95,MX,1677213523
35,beaufort,5.3473,115.7455,30.51,64,99,2.17,MY,1677213341
36,praia da vitoria,38.7333,-27.0667,15.42,94,75,9.8,PT,1677213524
37,kaihua,23.3687,104.28,12.09,83,100,2.93,CN,1677213524
38,coquimbo,-29.9533,-71.3436,16.85,94,100,2.06,CL,1677213525
39,hay river,60.8156,-115.7999,-22.01,64,0,4.12,CA,1677213526
40,bengkulu,-3.8004,102.2655,29.31,67,89,4.63,ID,1677213526
41,hobart,-42.8794,147.3294,31.24,32,0,4.12,AU,1677213331
42,chuy,-33.6971,-53.4616,20.69,94,56,2.62,UY,1677213327
43,esperance,-33.8667,121.9,19.09,51,3,5.6,AU,1677213528
44,tevriz,57.509,72.4042,-8.19,88,100,4.71,RU,1677213529
45,lubango,-14.9172,13.4925,15.72,80,100,1.08,AO,1677213529
46,kabanjahe,3.1001,98.4908,23.26,68,58,2.42,ID,1677213530
47,nicoya,10.1483,-85.452,23.41,71,5,4.7,CR,1677213530
48,barrow,71.2906,-156.7887,-5.99,86,100,6.17,US,1677213531
49,punta arenas,-53.15,-70.9167,8.06,87,100,5.14,CL,1677213279
50,ampanihy,-24.7,44.75,28.41,61,99,4.16,MG,1677213532
51,nouakchott,18.0858,-15.9785,16.96,63,8,5.54,MR,1677213532
52,toul,48.6667,5.9167,7.45,97,100,2.57,FR,1677213533
53,zhigalovo,54.8097,105.1578,-7.77,83,75,1.01,RU,1677213534
54,alofi,-19.0595,-169.9187,29.94,66,75,4.63,NU,1677213534
55,mawlaik,23.6333,94.4167,32.07,24,0,0.51,MM,1677213535
56,gondanglegi,-7.7479,112.0132,29.3,78,54,4.83,ID,1677213535
57,kaitangata,-46.2817,169.8464,14.95,59,3,5.9,NZ,1677213536
58,torbay,47.6666,-52.7314,-14.68,78,75,6.69,CA,1677213536
59,geraldton,-28.7667,114.6,32.23,33,40,6.69,AU,1677213537
60,chapais,49.7834,-74.8492,-25.12,92,100,2.75,CA,1677213538
61,mataura,-46.1927,168.8643,18.04,37,9,2.95,NZ,1677213538
62,cherskiy,68.75,161.3,-26.0,97,100,3.53,RU,1677213539
63,port lincoln,-34.7333,135.8667,22.6,71,98,7.54,AU,1677213539
64,yerbogachen,61.2767,108.0108,-9.16,86,61,3.98,RU,1677213540
65,anori,-3.7728,-61.6442,22.76,98,100,0.78,BR,1677213540
66,fayaoue,-20.65,166.5333,26.24,75,100,2.37,NC,1677213541
67,jiangmen,22.5833,113.0833,24.99,33,0,5.39,CN,1677213542
68,east london,-33.0153,27.9116,21.52,100,100,3.09,ZA,1677213542
69,hermanus,-34.4187,19.2345,18.36,82,0,1.29,ZA,1677213543
70,saldanha,-33.0117,17.9442,16.03,90,0,7.84,ZA,1677213543
71,tezu,27.9167,96.1667,20.42,64,97,2.45,IN,1677213544
72,saint-philippe,-21.3585,55.7679,27.77,81,51,4.19,RE,1677213545
73,upernavik,72.7868,-56.1549,-23.47,77,88,10.68,GL,1677213545
74,charters towers,-20.1,146.2667,28.25,53,95,5.49,AU,1677213546
75,omsukchan,62.5333,155.8,-26.54,94,100,2.44,RU,1677213547
76,pacific grove,36.6177,-121.9166,7.82,83,40,5.66,US,1677213547
77,carnarvon,-24.8667,113.6333,30.25,53,0,3.61,AU,1677213548
78,ponta do sol,32.6667,-17.1,14.84,76,66,2.09,PT,1677213549
79,georgetown,5.4112,100.3354,31.96,62,20,4.12,MY,1677213352
80,roma,43.2128,-75.4557,4.29,95,100,5.14,US,1677213315
81,nome,64.5011,-165.4064,-3.24,80,100,4.63,US,1677213338
82,bethel,41.3712,-73.414,4.31,88,100,2.57,US,1677213409
83,mantua,45.1667,10.7833,7.58,92,100,0.14,IT,1677213551
84,anadyr,64.75,177.4833,-16.72,77,100,7.0,RU,1677213552
85,dobryanka,58.4619,56.4165,-20.0,99,99,2.08,RU,1677213552
86,lebu,-37.6167,-73.65,12.8,86,1,6.16,CL,1677213553
87,guanare,9.0418,-69.7421,22.66,54,6,1.17,VE,1677213553
88,san cristobal,7.7669,-72.225,20.1,82,42,0.63,VE,1677213327
89,sinnamary,5.3833,-52.95,24.08,91,100,3.31,GF,1677213554
90,kroya,-7.6331,109.2461,26.51,82,100,1.64,ID,1677213555
91,kodiak,57.79,-152.4072,4.73,81,40,1.54,US,1677213556
92,berbera,10.4396,45.0143,24.42,77,36,1.19,SO,1677213557
93,kavieng,-2.5744,150.7967,27.85,76,98,3.25,PG,1677213558
94,vaini,-21.2,-175.2,29.09,84,75,5.66,TO,1677213559
95,nerchinskiy zavod,51.3088,119.61,-11.99,77,14,1.65,RU,1677213559
96,sibolga,1.7427,98.7792,29.22,71,21,2.36,ID,1677213560
97,new norfolk,-42.7826,147.0587,31.05,22,100,1.34,AU,1677213560
98,dikson,73.5069,80.5464,-13.14,89,100,7.06,RU,1677213561
99,sikonge,-5.6333,32.7667,17.88,96,84,1.18,TZ,1677213562
100,port elizabeth,-33.918,25.5701,21.72,97,75,3.09,ZA,1677213562
101,airai,-8.9266,125.4092,21.4,73,100,2.11,TL,1677213563
102,moyale,3.5167,39.0584,21.85,46,100,2.17,KE,1677213564
103,bathsheba,13.2167,-59.5167,24.34,78,75,4.63,BB,1677213564
104,sur,22.5667,59.5289,26.38,35,0,2.92,OM,1677213565
105,casino,-28.8667,153.05,20.43,44,96,4.92,AU,1677213369
106,jawhar,2.7809,45.5005,25.79,72,70,5.57,SO,1677213566
107,weiser,44.251,-116.9693,-3.41,84,90,1.28,US,1677213567
108,severnoye,56.3491,78.3619,-3.05,90,81,6.8,RU,1677213567
109,koson,39.0375,65.585,15.18,36,94,3.99,UZ,1677213568
110,svetlaya,46.5389,138.3297,-2.99,42,49,1.58,RU,1677213569
111,half moon bay,37.4636,-122.4286,7.95,83,100,11.83,US,1677213569
112,provideniya,64.3833,-173.3,-14.83,100,84,2.89,RU,1677213570
113,ostrovnoy,68.0531,39.5131,-16.47,98,92,3.23,RU,1677213570
114,victoria,22.2855,114.1577,23.35,65,1,4.47,HK,1677213443
115,pevek,69.7008,170.3133,-24.69,98,100,5.77,RU,1677213571
116,vanavara,60.34,102.2797,-7.16,84,66,3.16,RU,1677213572
117,atuona,-9.8,-139.0333,26.75,76,6,8.02,PF,1677213573
118,chokurdakh,70.6333,147.9167,-28.63,96,100,4.89,RU,1677213573
119,namatanai,-3.6667,152.4333,29.16,70,80,4.56,PG,1677213574
120,bluff,-46.6,168.3333,18.22,58,5,7.39,NZ,1677213575
121,moron,-34.6534,-58.6198,24.99,77,14,0.81,AR,1677213367
122,jamestown,42.097,-79.2353,2.23,92,100,6.69,US,1677213367
123,bogorodskoye,56.55,37.8833,-8.89,88,100,4.84,RU,1677213576
124,alice springs,-23.7,133.8833,35.75,21,75,2.06,AU,1677213577
125,bredasdorp,-34.5322,20.0403,17.79,83,0,1.42,ZA,1677213577
126,salinopolis,-0.6136,-47.3561,24.44,90,100,1.85,BR,1677213578
127,chikwawa,-16.0335,34.8009,22.56,88,90,1.02,MW,1677213578
128,nikolskoye,59.7035,30.7861,-5.05,95,100,2.92,RU,1677213580
129,bambari,5.768,20.6757,23.52,46,86,0.65,CF,1677213580
130,raudeberg,61.9875,5.1352,3.37,78,100,14.59,NO,1677213581
131,punta alta,-38.8759,-62.0736,18.0,76,1,3.82,AR,1677213582
132,teya,60.3778,92.6267,-3.73,91,100,3.17,RU,1677213582
133,zhezkazgan,47.8043,67.7144,-7.01,86,0,2.0,KZ,1677213583
134,pochutla,15.7432,-96.4661,23.23,89,36,0.82,MX,1677213584
135,brae,60.3964,-1.353,4.04,67,100,10.74,GB,1677213584
136,aykhal,66.0,111.5,-11.94,94,99,2.82,RU,1677213506
137,kushmurun,52.4503,64.6311,-13.34,88,100,9.18,KZ,1677213585
138,havre-saint-pierre,50.2334,-63.5986,-22.0,48,75,3.09,CA,1677213586
139,sitka,57.0531,-135.33,-2.06,37,100,2.57,US,1677213587
140,broome,42.2506,-75.833,7.23,91,100,4.63,US,1677213587
141,yarmouth,41.7057,-70.2286,5.08,94,100,3.6,US,1677213588
142,shieli,44.1667,66.75,2.7,68,100,7.38,KZ,1677213589
143,hithadhoo,-0.6,73.0833,27.52,69,73,2.18,MV,1677213590
144,amahai,-3.3333,128.9167,30.15,64,100,2.05,ID,1677213591
145,udachnyy,66.4167,112.4,-13.64,77,100,2.58,RU,1677213592
146,nizwa,22.9333,57.5333,22.67,24,0,0.91,OM,1677213592
147,tadine,-21.55,167.8833,26.29,77,94,4.63,NC,1677213593
148,minab,27.1467,57.0801,16.18,94,0,0.0,IR,1677213593
149,tasiilaq,65.6145,-37.6368,-2.91,94,100,12.43,GL,1677213594
150,kalianget,-7.05,113.9333,29.33,73,59,6.9,ID,1677213595
151,mackay,-21.15,149.2,26.87,71,27,9.09,AU,1677213595
152,zhangye,38.9342,100.4517,7.75,25,1,2.14,CN,1677213596
153,chekhov,55.1431,37.4711,-8.97,82,100,4.9,RU,1677213596
154,luanda,-8.8368,13.2343,24.59,88,100,3.51,AO,1677213517
155,nemuro,43.3236,145.575,-2.48,66,23,1.9,JP,1677213597
156,sokolo,14.7328,-6.1219,25.63,15,0,3.47,ML,1677213598
157,poum,-20.2333,164.0167,26.96,73,71,4.71,NC,1677213599
158,jatara,25.0167,79.05,27.52,20,72,1.12,IN,1677213600
159,bilibino,68.0546,166.4372,-29.67,94,100,1.6,RU,1677213600
160,camacha,33.0833,-16.3333,11.68,67,40,3.6,PT,1677213601
161,mecca,21.4267,39.8261,21.53,52,0,1.77,SA,1677213602
162,bonavista,48.6499,-53.1147,-13.59,81,100,10.48,CA,1677213603
163,bilma,18.6853,12.9164,16.64,16,0,4.02,NE,1677213604
164,mildura,-34.2,142.15,36.15,29,75,5.23,AU,1677213605
165,faanui,-16.4833,-151.75,28.05,66,19,0.76,PF,1677213605
166,myrtle beach,33.6891,-78.8867,22.84,81,0,2.57,US,1677213606
167,killybegs,54.6333,-8.45,8.18,87,100,6.3,IE,1677213607
168,north bend,43.4065,-124.2243,1.59,86,75,2.06,US,1677213608
169,tiksi,71.6872,128.8694,-31.55,97,46,3.42,RU,1677213609
170,jabinyanah,35.035,10.9081,10.89,62,41,4.55,TN,1677213609
171,tuatapere,-46.1333,167.6833,19.5,43,4,2.97,NZ,1677213610
172,loa janan,-0.583,117.095,28.62,76,100,0.35,ID,1677213611
173,yellowknife,62.456,-114.3525,-31.36,75,0,4.12,CA,1677213611
174,mar del plata,-38.0023,-57.5575,19.01,88,0,1.54,AR,1677213327
175,northam,51.0333,-4.2167,5.34,80,100,2.67,GB,1677213612
176,yashalta,46.3395,42.2762,-6.83,83,6,1.36,RU,1677213613
177,kosa,59.9445,54.9977,-18.67,98,98,1.62,RU,1677213614
178,khvoynaya,58.9,34.5333,-8.46,94,100,3.05,RU,1677213614
179,sabang,5.8933,95.3214,27.68,71,96,6.56,ID,1677213615
180,salamanca,40.8333,-6.0,-4.12,86,3,0.94,ES,1677213616
181,longhua,23.6137,114.1919,25.05,36,1,2.88,CN,1677213617
182,los llanos de aridane,28.6585,-17.9182,11.86,72,0,2.57,ES,1677213617
183,varhaug,58.6147,5.6457,4.94,89,44,12.63,NO,1677213618
184,puerto ayora,-0.7393,-90.3518,24.75,94,82,1.34,EC,1677213619
185,kamenka,51.3223,42.7678,-14.68,94,89,4.03,RU,1677213620
186,bantou,26.2151,117.4893,18.54,53,49,2.27,CN,1677213620
187,susehri,40.1644,38.0867,-2.45,88,62,1.76,TR,1677213621
188,ust-ishim,57.6935,71.1665,-9.31,91,100,4.38,RU,1677213622
189,namtsy,62.7161,129.6658,-25.78,92,100,1.41,RU,1677213623
190,qaanaaq,77.484,-69.3632,-27.59,59,0,3.4,GL,1677213623
191,mount gambier,-37.8333,140.7667,36.81,20,100,4.95,AU,1677213624
192,constitucion,-35.3333,-72.4167,15.12,73,2,1.93,CL,1677213625
193,sisophon,13.5859,102.9737,33.62,28,12,3.38,KH,1677213626
194,svobodnyy,51.4,128.1333,-9.49,66,4,5.53,RU,1677213627
195,maningrida,-12.0667,134.2667,27.0,82,100,2.02,AU,1677213627
196,nivala,63.9167,24.9667,-10.73,97,53,2.17,FI,1677213628
197,kovdor,67.5662,30.4758,-17.33,99,98,1.35,RU,1677213628
198,codrington,-38.2667,141.9667,35.81,21,100,7.68,AU,1677213629
199,sulmona,42.0479,13.9291,9.38,80,44,2.01,IT,1677213630
200,uyemskiy,64.4743,40.8524,-14.97,85,40,1.0,RU,1677213630
201,hakkari,37.5833,44.1667,-14.12,85,100,1.54,TR,1677213631
202,cedar lake,41.3648,-87.4411,-2.88,70,42,6.33,US,1677213632
203,kirakira,-10.4544,161.9205,28.32,78,98,1.67,SB,1677213632
204,chernyshevskiy,63.0128,112.4714,-10.32,89,100,3.96,RU,1677213633
205,tacuarembo,-31.7333,-55.9833,20.89,62,69,1.87,UY,1677213633
206,havelock,34.8791,-76.9013,19.41,90,0,3.6,US,1677213634
207,svetlogorsk,52.6333,29.7333,-1.8,74,100,6.89,BY,1677213635
208,wanning,18.8003,110.3967,24.16,56,2,5.88,CN,1677213636
209,castro,-24.7911,-50.0119,17.5,97,100,1.67,BR,1677213636
210,souillac,-20.5167,57.5167,26.21,83,40,2.06,MU,1677213637
211,hobyo,5.3505,48.5268,25.85,70,100,5.66,SO,1677213638
212,bairiki,1.3292,172.9752,29.0,79,40,1.03,KI,1677213638
213,troitskoye,52.9821,84.6757,1.38,93,100,4.04,RU,1677213639
214,baykit,61.67,96.37,-11.48,95,88,1.89,RU,1677213640
215,gweta,-20.1833,25.2333,19.2,64,67,3.42,BW,1677213640
216,okhotsk,59.3833,143.3,-18.84,72,2,4.16,RU,1677213641
217,pisco,-13.7,-76.2167,23.03,78,0,4.63,PE,1677213491
218,vanimo,-2.6741,141.3028,28.21,83,97,4.35,PG,1677213642
219,poitiers,46.5833,0.3333,9.02,63,100,6.17,FR,1677213445
220,lafia,8.4833,8.5167,24.83,20,100,0.25,NG,1677213643
221,benjamin constant,-4.3831,-70.0311,23.07,99,92,0.46,BR,1677213643
222,bandarbeyla,9.4942,50.8122,24.35,70,93,1.87,SO,1677213644
223,iqaluit,63.7506,-68.5145,-33.15,75,100,12.86,CA,1677213645
224,angoche,-16.2325,39.9086,25.04,89,99,1.32,MZ,1677213646
225,padang,-0.9492,100.3543,28.03,75,99,3.21,ID,1677213646
226,akyab,20.15,92.9,26.99,51,0,2.92,MM,1677213647
227,vardo,70.3705,31.1107,-7.01,86,100,7.72,NO,1677213647
228,krasnyy chikoy,50.3643,108.7512,-6.17,75,22,0.5,RU,1677213648
229,hofn,64.2539,-15.2082,1.65,82,31,3.6,IS,1677213649
230,goderich,43.7501,-81.7165,-0.05,86,100,6.69,CA,1677213650
231,bulawayo,-20.15,28.5833,14.39,85,88,2.4,ZW,1677213650
232,bobo dioulasso,11.1771,-4.2979,21.25,35,13,0.0,BF,1677213651
233,coihueco,-36.6167,-71.8333,16.26,45,0,1.07,CL,1677213651
234,borogontsy,62.6683,131.1683,-24.28,90,98,0.49,RU,1677213652
235,palu,-0.8917,119.8707,30.79,69,97,1.99,ID,1677213653
236,zumarraga,11.6388,124.8417,30.09,66,92,1.75,PH,1677213653
237,sangar,63.9242,127.4739,-28.17,93,56,0.65,RU,1677213654
238,kendari,-3.945,122.4989,30.33,67,99,2.12,ID,1677213654
239,morro bay,35.3658,-120.8499,7.96,91,52,1.34,US,1677213655
240,yulara,-25.2406,130.9889,37.42,17,21,2.93,AU,1677213365
241,hanmer springs,-42.5167,172.8167,8.65,97,100,0.99,NZ,1677213656
242,horsham,51.064,-0.3272,1.68,92,0,1.03,GB,1677213657
243,bireun,5.203,96.7009,28.45,66,33,2.19,ID,1677213657
244,kloulklubed,7.0419,134.2556,29.28,77,84,7.08,PW,1677213658
245,ulladulla,-35.35,150.4667,22.82,58,70,5.13,AU,1677213659
246,sonoita,31.85,-112.8333,9.98,63,15,6.68,MX,1677213659
247,thompson,55.7435,-97.8558,-26.91,76,0,2.06,CA,1677213660
248,kavaratti,10.5669,72.642,27.19,67,33,1.79,IN,1677213660
249,mainit,9.535,125.5231,29.43,67,53,2.37,PH,1677213661
250,jipijapa,-1.3333,-80.5833,22.72,90,99,0.79,EC,1677213662
251,dhadar,28.3305,75.0632,25.09,14,99,0.27,IN,1677213663
252,lodwar,3.1191,35.5973,28.35,36,100,1.43,KE,1677213663
253,kitui,-1.367,38.0106,18.83,78,17,1.41,KE,1677213664
254,lavumisa,-27.31,31.892,19.55,86,12,0.75,SZ,1677213665
255,washington,47.5001,-120.5015,-7.78,59,80,1.29,US,1677213474
256,puerto escondido,15.85,-97.0667,27.46,74,40,0.0,MX,1677213666
257,ushtobe,45.2514,77.9838,5.1,63,100,0.76,KZ,1677213667
258,bukachacha,52.9833,116.9167,-5.66,54,5,2.35,RU,1677213667
259,valadares,41.1474,-7.9812,1.36,90,0,1.44,PT,1677213668
260,aginskoye,51.1,114.53,-5.32,50,1,3.84,RU,1677213669
261,talnakh,69.4865,88.3972,-7.66,92,100,4.2,RU,1677213670
262,fukue,32.6881,128.8419,11.2,66,75,7.2,JP,1677213670
263,fairbanks,64.8378,-147.7164,-5.81,90,100,3.09,US,1677213574
264,isangel,-19.55,169.2667,29.06,84,75,1.03,VU,1677213467
265,port hardy,50.6996,-127.4199,-1.9,40,0,9.26,CA,1677213672
266,mezen,65.8522,44.24,-18.85,100,100,0.86,RU,1677213672
267,ereymentau,51.6199,73.1033,-6.37,83,79,9.89,KZ,1677213673
268,comodoro rivadavia,-45.8667,-67.5,20.92,26,0,3.09,AR,1677213674
269,ardesen,41.1911,40.9875,3.76,80,84,2.27,TR,1677213674
270,coihaique,-45.5752,-72.0662,11.97,66,0,1.54,CL,1677213675
271,la ronge,55.1001,-105.2842,-22.86,59,0,3.6,CA,1677213675
272,hokitika,-42.7167,170.9667,19.23,43,4,4.19,NZ,1677213676
273,lourdes,43.1,-0.05,0.71,100,100,2.57,FR,1677213677
274,stokmarknes,68.5646,14.9108,-0.02,93,75,4.12,NO,1677213677
275,kijang,35.2442,129.2139,12.85,25,52,2.91,KR,1677213678
276,acapulco,16.8634,-99.8901,25.9,83,40,1.54,MX,1677213667
277,beringovskiy,63.05,179.3167,-17.89,92,30,1.6,RU,1677213679
278,tha rua,14.5634,100.7226,35.35,23,3,1.24,TH,1677213680
279,mahebourg,-20.4081,57.7,27.92,83,40,2.06,MU,1677213680
280,vila franca do campo,37.7167,-25.4333,15.23,86,100,6.57,PT,1677213681
281,bouar,5.934,15.596,17.7,27,90,1.27,CF,1677213682
282,chauk,20.8833,94.8167,30.16,29,0,2.47,MM,1677213683
283,khatanga,71.9667,102.5,-25.6,100,97,1.55,RU,1677213684
284,kalmunai,7.4167,81.8167,28.17,66,63,4.0,LK,1677213684
285,portland,45.5234,-122.6762,-2.68,64,0,11.32,US,1677213564
286,mitsamiouli,-11.3847,43.2844,27.7,73,96,1.15,KM,1677213685
287,laguna,38.421,-121.4238,7.73,71,100,8.23,US,1677213686
288,bartica,6.4,-58.6167,23.18,100,100,0.67,GY,1677213687
289,pemangkat,1.1667,108.9667,27.17,83,93,5.75,ID,1677213688
290,songkhla,6.8333,100.6667,31.03,57,86,4.07,TH,1677213689
291,florianopolis,-27.6146,-48.5012,23.56,98,100,2.57,BR,1677213689
292,kudahuvadhoo,2.6708,72.8944,27.2,67,72,3.32,MV,1677213690
293,kunigal,13.0222,77.0267,27.2,19,2,3.87,IN,1677213691
294,nichinan,31.6,131.3667,10.82,92,100,3.16,JP,1677213692
295,ankpa,7.3706,7.6253,21.56,86,80,1.81,NG,1677213692
296,teguldet,57.3064,88.1667,1.6,100,100,5.09,RU,1677213693
297,bongandanga,1.5,21.05,21.19,78,94,1.67,CD,1677213693
298,trairi,-3.2778,-39.2689,22.82,95,100,1.41,BR,1677213606
299,san rafael,-34.6177,-68.3301,20.68,34,0,0.88,AR,1677213642
300,vigrestad,58.5667,5.7,4.98,88,37,12.34,NO,1677213695
301,del rio,29.3627,-100.8968,23.06,34,0,4.12,US,1677213696
302,lorengau,-2.0226,147.2712,28.61,81,98,5.02,PG,1677213696
303,bayir,37.2687,28.2167,2.29,80,96,0.6,TR,1677213697
304,bambanglipuro,-7.95,110.2833,26.29,84,97,2.11,ID,1677213697
305,de-kastri,51.4667,140.7833,-7.86,68,68,0.57,RU,1677213698
306,port blair,11.6667,92.75,30.02,51,40,4.12,IN,1677213699
307,gazanjyk,39.2446,55.5154,6.51,46,100,5.61,TM,1677213699
308,klyuchi,52.2667,79.1667,0.95,99,100,3.72,RU,1677213700
309,saint stephen,50.3333,-4.9,3.15,75,40,2.06,GB,1677213700
310,ginir,7.1333,40.7,17.83,46,92,1.96,ET,1677213701
311,benghazi,32.1167,20.0667,14.2,56,0,2.64,LY,1677213701
312,shadrinsk,56.0852,63.6335,-11.94,93,100,4.04,RU,1677213702
313,poya,-21.35,165.15,27.58,69,90,2.8,NC,1677213703
314,manitouwadge,49.1215,-85.8403,-23.58,95,100,2.55,CA,1677213704
315,mogadishu,2.0371,45.3438,25.93,83,40,5.66,SO,1677213704
316,lompoc,34.6391,-120.4579,7.66,81,100,8.49,US,1677213705
317,pimentel,-6.8367,-79.9342,24.16,88,75,3.6,PE,1677213705
318,puerto carreno,6.189,-67.4859,25.6,46,85,3.37,CO,1677213706
319,mushie,-3.0167,16.9,21.17,82,100,0.74,CD,1677213707
320,berlevag,70.8578,29.0864,-2.0,80,100,7.72,NO,1677213707
321,alugan,12.2188,125.4808,28.0,75,91,3.57,PH,1677213708
322,san patricio,28.017,-97.5169,24.05,91,96,3.83,US,1677213708
323,gimli,50.6336,-96.9907,-19.99,59,100,2.57,CA,1677213709
324,ahipara,-35.1667,173.1667,20.29,64,6,3.56,NZ,1677213710
325,whitehorse,60.7161,-135.0538,-13.88,51,100,8.75,CA,1677213656
326,nelson bay,-32.7167,152.15,25.03,61,96,1.34,AU,1677213711
327,havoysund,70.9963,24.6622,1.13,69,96,9.83,NO,1677213711
328,katsuura,35.1333,140.3,13.86,58,100,2.05,JP,1677213712
329,makakilo city,21.3469,-158.0858,23.18,77,0,4.63,US,1677213713
330,abnub,27.2696,31.1511,11.95,61,1,1.75,EG,1677213713
331,hambantota,6.1241,81.1185,29.19,74,20,3.6,LK,1677213714
332,cochrane,51.1834,-114.4687,-27.71,63,20,3.09,CA,1677213714
333,mizdah,31.4451,12.9801,11.94,31,1,1.24,LY,1677213715
334,strezhevoy,60.7333,77.5889,-1.57,97,100,3.41,RU,1677213626
335,magadan,59.5667,150.8,-14.15,69,100,2.02,RU,1677213716
336,severo-kurilsk,50.6789,156.125,-4.55,65,95,3.28,RU,1677213716
337,kununurra,-15.7667,128.7333,27.99,83,100,1.03,AU,1677213680
338,hearst,49.6835,-83.6665,-26.86,99,100,1.53,CA,1677213717
339,oranjemund,-28.55,16.4333,16.29,95,4,3.6,NA,1677213718
340,gravelbourg,49.8834,-106.5512,-25.85,99,99,2.05,CA,1677213718
341,redcliffe,-27.2307,153.0973,24.97,65,75,6.69,AU,1677213538
342,acari,-15.4311,-74.6158,23.86,79,98,1.32,PE,1677213719
343,kabalo,-6.05,26.9167,21.18,94,100,1.58,CD,1677213720
344,college,64.8569,-147.8028,-5.82,89,75,3.09,US,1677213721
345,carrollton,32.9537,-96.8903,9.35,47,100,8.75,US,1677213463
346,makinsk,52.6292,70.4169,-11.79,90,100,10.36,KZ,1677213721
347,santana do paraiso,-19.3636,-42.5686,19.54,98,92,0.62,BR,1677213722
348,quelimane,-17.8786,36.8883,23.97,100,75,2.06,MZ,1677213723
349,ibipora,-23.2692,-51.0481,20.4,100,75,3.09,BR,1677213707
350,shingu,33.7333,135.9833,8.57,94,100,1.35,JP,1677213724
351,scarborough,54.2797,-0.4044,7.73,85,100,1.79,GB,1677213725
352,kaseda,31.4167,130.3167,12.51,81,100,4.39,JP,1677213726
353,tautira,-17.7333,-149.15,27.99,70,100,1.51,PF,1677213726
354,sayansk,54.1088,102.1648,-8.13,83,11,4.41,RU,1677213727
355,fortuna,40.5982,-124.1573,2.19,97,100,0.0,US,1677213727
356,kiunga,-6.1219,141.2906,32.57,56,100,1.68,PG,1677213728
357,saint anthony,45.0205,-93.218,-16.03,85,0,4.12,US,1677213729
358,grindavik,63.8424,-22.4338,6.26,93,100,4.63,IS,1677213729
359,mehamn,71.0357,27.8492,-2.03,86,75,6.69,NO,1677213730
360,normandin,48.8333,-72.5321,-17.83,55,100,3.6,CA,1677213731
361,klaksvik,62.2266,-6.589,3.51,77,100,7.51,FO,1677213731
362,vila velha,-20.3297,-40.2925,24.41,91,40,1.54,BR,1677213732
363,clyde river,70.4692,-68.5914,-28.87,76,87,11.83,CA,1677213728
364,mitu,1.1983,-70.1733,21.85,98,99,1.02,CO,1677213733
365,kortkeros,61.8106,51.5806,-14.0,95,99,3.11,RU,1677213734
366,knysna,-34.0363,23.0471,19.74,88,37,1.48,ZA,1677213734
367,shakawe,-18.3667,21.85,17.61,78,42,1.63,BW,1677213735
368,darnah,32.767,22.6367,12.22,68,0,2.67,LY,1677213736
369,ambon,-3.6954,128.1814,29.08,79,40,3.09,ID,1677213736
370,gorom-gorom,14.4439,-0.2361,22.91,13,2,3.1,BF,1677213737
371,alboraya,39.5,-0.35,10.43,56,0,1.79,ES,1677213738
372,cidreira,-30.1811,-50.2056,22.99,88,100,8.07,BR,1677213738
373,karaj,35.8355,51.0103,8.29,64,0,3.09,IR,1677213739
374,peniche,39.3558,-9.3811,5.87,66,30,5.31,PT,1677213740
375,san ramon,37.7799,-121.978,7.12,78,20,7.72,US,1677213715
376,kathmandu,27.7167,85.3167,18.12,59,20,1.03,NP,1677213741
377,kedrovyy,56.1667,91.8167,-4.77,89,84,3.7,RU,1677213741
378,montauban,44.0833,1.5,3.2,97,100,3.37,FR,1677213742
379,naze,28.3667,129.4833,17.51,81,40,6.05,JP,1677213743
380,pathein,16.7833,94.7333,32.73,24,2,3.8,MM,1677213743
381,vilcun,-38.65,-72.2333,6.41,92,4,0.55,CL,1677213744
382,semey,50.4111,80.2275,2.12,69,75,10.0,KZ,1677213744
383,mana,5.6592,-53.7767,24.11,90,100,3.74,GF,1677213745
384,mareeba,-17.0,145.4333,26.38,82,100,2.34,AU,1677213746
385,santa rosa,14.3122,121.1114,31.72,58,68,2.14,PH,1677213746
386,maler kotla,30.5167,75.8833,23.95,16,81,2.92,IN,1677213747
387,norman wells,65.282,-126.8329,-17.98,65,100,1.54,CA,1677213748
388,liwale,-9.7667,37.9333,21.03,94,91,1.08,TZ,1677213749
389,gongzhuling,43.5008,124.8198,-2.99,27,85,5.88,CN,1677213750
390,acarau,-2.8856,-40.12,23.86,90,100,1.92,BR,1677213750
391,aden,12.7794,45.0367,24.93,65,55,5.3,YE,1677213751
392,jibuti,11.5,42.5,20.8,71,19,4.63,DJ,1677213751
393,srednekolymsk,67.45,153.6833,-24.75,95,100,3.46,RU,1677213752
394,mirnyy,62.5353,113.9611,-9.87,66,98,5.81,RU,1677213753
395,vestmannaeyjar,63.4427,-20.2734,7.08,85,100,4.18,IS,1677213753
396,kruisfontein,-34.0033,24.7314,20.49,81,52,2.99,ZA,1677213754
397,hungen,50.4737,8.8933,7.69,87,100,1.87,DE,1677213755
398,ngaoundere,7.3167,13.5833,18.82,23,99,1.4,CM,1677213755
399,znamenskoye,57.1281,73.8282,-7.9,91,100,5.41,RU,1677213756
400,dieppe,49.75,1.1667,5.1,94,41,2.71,FR,1677213602
401,honiara,-9.4333,159.95,29.31,73,85,1.96,SB,1677213757
402,jefferson city,38.5767,-92.1735,-1.05,55,0,2.68,US,1677213758
403,kawalu,-7.3817,108.2082,24.35,88,100,1.18,ID,1677213758
404,aklavik,68.2191,-135.0107,-9.7,87,100,2.95,CA,1677213759
405,bure,10.7,37.0667,17.54,30,26,1.31,ET,1677213759
406,sao joao da barra,-21.6403,-41.0511,24.04,86,93,3.3,BR,1677213760
407,natal,-5.795,-35.2094,25.36,88,40,2.57,BR,1677213761
408,askarovo,53.3372,58.5089,-13.47,66,40,10.0,RU,1677213761
409,aljezur,37.3191,-8.8033,6.52,82,23,2.18,PT,1677213762
410,sosnogorsk,63.6023,53.8817,-12.52,96,100,2.24,RU,1677213763
411,porto novo,6.4965,2.6036,28.9,90,93,2.07,BJ,1677213763
412,lata,40.1629,-8.3327,0.6,92,4,1.15,PT,1677213764
413,gloversville,43.0528,-74.3438,1.53,92,100,2.57,US,1677213689
414,ambilobe,-13.2,49.05,25.71,78,74,1.44,MG,1677213765
415,ruffano,39.9829,18.2464,5.51,92,12,2.01,IT,1677213482
416,turayf,31.6725,38.6637,6.14,81,0,2.06,SA,1677213766
417,cikupa,-6.2364,106.5083,29.32,51,100,3.86,ID,1677213767
418,lasa,46.6166,10.7002,5.57,95,93,1.16,IT,1677213767
419,nuuk,64.1835,-51.7216,-4.61,95,100,3.17,GL,1677213653
420,te anau,-45.4167,167.7167,18.08,41,10,1.21,NZ,1677213768
421,olafsvik,64.8945,-23.7142,5.16,94,97,5.49,IS,1677213769
422,aksarka,66.5606,67.7975,-16.1,98,99,2.68,RU,1677213769
423,mount darwin,-16.7725,31.5838,18.64,91,100,0.82,ZW,1677213770
424,samana,19.2056,-69.3369,23.02,76,26,3.7,DO,1677213770
425,newport,51.5877,-2.9984,3.62,88,100,2.02,GB,1677213771
426,mosalsk,54.4881,34.9817,-7.64,81,100,5.94,RU,1677213772
427,yar-sale,66.8333,70.8333,-12.85,94,100,2.63,RU,1677213772
428,kaeo,-35.1,173.7833,20.72,61,17,4.07,NZ,1677213773
429,umm lajj,25.0213,37.2685,18.62,55,6,2.64,SA,1677213773
430,plettenberg bay,-34.0527,23.3716,19.66,84,56,1.72,ZA,1677213774
431,eyl,7.9803,49.8164,24.47,70,100,3.62,SO,1677213775
432,surt,31.2089,16.5887,15.51,32,4,4.02,LY,1677213776
433,ust-kuyga,70.0167,135.6,-33.22,98,95,1.38,RU,1677213777
434,samarai,-10.6167,150.6667,29.23,70,83,3.07,PG,1677213778
435,hami,42.8,93.45,8.73,33,0,1.89,CN,1677213552
436,maun,-19.9833,23.4167,16.98,100,0,2.57,BW,1677213779
437,la plata,-34.9215,-57.9545,24.9,66,68,1.24,AR,1677213779
438,omboue,-1.5746,9.2618,24.52,91,100,2.07,GA,1677213780
439,tomatlan,19.9333,-105.25,18.74,78,95,1.06,MX,1677213780
440,long branch,40.3043,-73.9924,7.35,77,85,3.13,US,1677213781
441,ous,60.9058,61.5186,-13.8,95,99,1.59,RU,1677213781
442,amapa,1.0,-52.0,21.53,99,100,0.67,BR,1677213782
443,touros,-5.1989,-35.4608,25.6,84,99,4.39,BR,1677213783
444,lewiston,44.1003,-70.2148,-8.15,91,100,3.09,US,1677213783
445,rumoi,43.9344,141.6428,0.09,57,99,3.07,JP,1677213560
446,houma,29.5958,-90.7195,22.78,95,0,2.06,US,1677213538
447,mandalgovi,45.7625,106.2708,-3.57,35,4,4.72,MN,1677213785
448,ballina,-28.8667,153.5667,20.56,99,93,7.02,AU,1677213785
449,inirida,3.8653,-67.9239,25.35,80,100,0.83,CO,1677213786
450,ancud,-41.8697,-73.8203,10.52,91,1,0.27,CL,1677213787
451,richards bay,-28.783,32.0377,20.9,81,0,3.08,ZA,1677213537
452,saint-francois,46.4154,3.9054,7.69,93,100,2.57,FR,1677213788
453,llanes,43.4198,-4.7549,5.39,69,92,4.69,ES,1677213789
454,parral,26.9333,-105.6667,12.94,33,92,0.58,MX,1677213790
455,iwanai,42.9744,140.5089,1.48,62,58,1.59,JP,1677213790
456,rincon,32.296,-81.2354,19.98,92,53,2.57,US,1677213765
457,miguel hidalgo,19.4225,-99.2028,18.67,41,0,2.06,MX,1677213792
458,sao geraldo do araguaia,-6.4006,-48.555,22.31,97,100,0.3,BR,1677213793
459,dombarovskiy,50.7587,59.5386,-15.39,90,78,7.81,RU,1677213793
460,gohpur,26.8833,93.6333,24.26,51,49,4.39,IN,1677213794
461,mokhotlong,-29.2894,29.0675,15.69,64,0,0.43,LS,1677213796
462,ugoofaaru,5.6667,73.0,27.28,64,70,5.11,MV,1677213796
463,varzea da palma,-17.5981,-44.7308,21.88,80,99,0.54,BR,1677213797
464,katherine,-14.4667,132.2667,30.18,62,75,3.6,AU,1677213798
465,maniitsoq,65.4167,-52.9,-6.54,90,100,5.48,GL,1677213799
466,belaya gora,68.5333,146.4167,-26.57,95,100,3.21,RU,1677213799
467,athabasca,54.7169,-113.2854,-23.77,95,100,1.92,CA,1677213800
468,mubende,0.5606,31.39,18.31,72,58,0.72,UG,1677213800
469,puqi,29.7167,113.8833,11.35,59,96,3.07,CN,1677213801
470,salalah,17.0151,54.0924,21.05,60,0,1.03,OM,1677213604
471,mega,4.05,38.3,18.55,38,100,4.77,ET,1677213802
472,gigmoto,13.7796,124.39,28.04,80,50,2.77,PH,1677213803
473,portsmouth,50.799,-1.0913,0.56,90,84,0.45,GB,1677213804
474,rawson,-43.3002,-65.1023,17.17,66,0,10.42,AR,1677213657
475,vilhena,-12.7406,-60.1458,19.69,97,100,1.13,BR,1677213805
476,caravelas,-17.7125,-39.2481,23.86,85,81,1.82,BR,1677213806
477,phan thiet,10.9333,108.1,29.57,52,47,6.66,VN,1677213806
478,duldurga,50.6761,113.5931,-4.29,44,1,1.89,RU,1677213807
479,broken hill,-31.95,141.4333,34.13,19,83,3.67,AU,1677213808
480,nan,18.8333,100.6667,27.01,51,1,1.03,TH,1677213808
481,tromso,69.6496,18.957,0.01,93,100,1.03,NO,1677213809
482,niamey,13.5137,2.1098,22.16,17,0,1.54,NE,1677213809
483,iquitos,-3.7481,-73.2472,24.02,94,75,1.54,PE,1677213810
484,kupang,-10.1667,123.5833,30.32,79,75,10.29,ID,1677213811
485,aracati,-4.5617,-37.7697,25.32,84,100,1.94,BR,1677213812
486,channel-port aux basques,47.5702,-59.1367,-10.31,75,100,6.8,CA,1677213812
487,gayny,60.3071,54.3241,-16.83,96,99,1.91,RU,1677213813
488,banjar,-8.19,114.9675,29.29,80,52,2.06,ID,1677213813
489,calama,-22.4667,-68.9333,12.27,58,0,3.09,CL,1677213814
490,thinadhoo,0.5333,72.9333,27.37,67,71,2.46,MV,1677213815
491,narasaraopet,16.25,80.0667,30.76,35,4,2.85,IN,1677213815
492,lokosovo,61.1333,74.8167,-3.41,96,100,2.35,RU,1677213816
493,mayumba,-3.432,10.6554,25.24,89,100,2.09,GA,1677213816
494,shiraz,29.6036,52.5388,7.69,81,75,0.0,IR,1677213817
495,shenjiamen,29.9576,122.298,7.11,82,100,8.94,CN,1677213818
496,kulhudhuffushi,6.6221,73.07,27.01,67,60,4.95,MV,1677213818
497,caraballeda,10.6112,-66.8522,25.04,76,20,0.0,VE,1677213819
498,haines junction,60.7522,-137.5108,-11.03,52,100,0.0,CA,1677213819
499,nieuw nickerie,5.95,-56.9833,23.88,89,100,3.39,SR,1677213820
500,rostovka,55.3842,71.8891,-9.83,88,92,7.16,RU,1677213821
501,biak,-0.9131,122.8766,28.82,67,100,0.31,ID,1677213822
502,caibarien,22.5206,-79.4669,22.62,79,0,6.46,CU,1677213822
503,manokwari,-0.8667,134.0833,26.44,78,100,1.8,ID,1677213823
504,chunskiy,56.0815,99.6342,-6.54,87,65,2.7,RU,1677213825
505,la rioja,42.25,-2.5,-3.12,87,46,3.54,ES,1677213825
506,todos santos,23.45,-110.2167,17.03,79,84,3.2,MX,1677213826
507,zima,53.9202,102.0442,-7.89,85,21,4.21,RU,1677213827
508,pokrovskoye,47.4157,38.8971,-6.05,79,10,2.33,RU,1677213827
509,bubaque,11.2833,-15.8333,23.07,73,0,3.35,GW,1677213828
510,saint-joseph,-21.3667,55.6167,28.21,76,52,4.53,RE,1677213828
511,dedovichi,57.5517,29.9502,-4.08,96,100,3.02,RU,1677213829
512,harper,4.375,-7.7169,26.19,85,82,3.01,LR,1677213829
513,chitral,35.8462,71.7858,6.75,54,42,3.08,PK,1677213830
514,langenburg,49.2544,9.8458,7.65,93,100,2.06,DE,1677213830
515,palmares,-8.6833,-35.5917,21.8,94,54,1.64,BR,1677213727
516,nantucket,41.2835,-70.0995,5.08,89,100,7.72,US,1677213831
517,whitecourt,54.1502,-115.6855,-24.42,77,0,4.12,CA,1677213832
518,hanzhong,33.0728,107.0303,13.67,48,100,0.65,CN,1677213833
519,salmas,38.1973,44.7653,1.74,53,3,1.01,IR,1677213834
520,dryden,49.7833,-92.7503,-20.84,54,75,1.54,CA,1677213834
521,korla,41.7597,86.1469,6.9,47,8,3.15,CN,1677213835
522,sisimiut,66.9395,-53.6735,-16.27,96,96,5.8,GL,1677213836
523,moindou,-21.6924,165.677,27.92,64,82,2.59,NC,1677213836
524,auki,-8.7676,160.7034,29.26,68,51,1.68,SB,1677213837
525,nkhata bay,-11.6066,34.2907,22.92,87,99,2.29,MW,1677213837
526,leningradskiy,69.3833,178.4167,-19.68,96,100,6.69,RU,1677213838
527,lavrentiya,65.5833,-171.0,-12.59,75,9,8.59,RU,1677213839
528,alappuzha,9.49,76.3264,26.85,61,27,1.78,IN,1677213839
529,parrita,9.5201,-84.3225,24.51,68,45,1.6,CR,1677213840
530,dunedin,-45.8742,170.5036,13.95,62,23,6.08,NZ,1677213840
531,tahta,26.7693,31.5021,12.15,60,1,2.32,EG,1677213841
532,mayo,38.8876,-76.5119,18.4,83,0,3.09,US,1677213841
533,ola,59.5833,151.2833,-13.81,69,100,3.08,RU,1677213842
534,saint helens,53.45,-2.7333,8.17,89,75,6.69,GB,1677213843
535,shumskiy,54.8318,99.1328,-2.2,76,94,1.72,RU,1677213843
536,caronport,50.4501,-105.8179,-23.9,100,100,1.39,CA,1677213844
537,reporoa,-38.4333,176.35,11.21,98,98,3.4,NZ,1677213845
538,pacifica,37.6138,-122.4869,7.88,83,75,11.83,US,1677213846
539,gamba,-2.65,10.0,24.47,91,100,2.08,GA,1677213847
540,ostersund,63.1792,14.6357,-5.75,93,100,1.03,SE,1677213848
541,qeshm,26.9581,56.2719,20.93,71,0,1.29,IR,1677213848
542,ust-nera,64.5667,143.2,-29.43,96,98,0.48,RU,1677213849
543,tucumcari,35.1717,-103.725,3.91,41,0,5.66,US,1677213849
544,sambava,-14.2667,50.1667,25.14,83,69,2.55,MG,1677213850
545,kabare,-2.4683,28.8242,15.97,91,99,0.4,CD,1677213851
546,paita,-5.0892,-81.1144,25.18,79,94,3.31,PE,1677213852
547,kieta,-6.2167,155.6333,29.04,74,83,1.35,PG,1677213852
548,mount pleasant,32.7941,-79.8626,21.16,86,0,3.6,US,1677213853
549,sola,-13.8833,167.55,27.84,71,12,1.48,VU,1677213854
550,curup,-3.4667,102.5333,24.69,86,100,0.69,ID,1677213854
551,hovd,48.0056,91.6419,-9.08,71,5,1.86,MN,1677213855
552,belyy yar,53.6039,91.3903,-7.06,85,100,0.0,RU,1677213857
553,ahar,38.4774,47.0699,-0.25,91,98,3.26,IR,1677213858
554,asau,46.4333,26.4,0.71,95,100,2.36,RO,1677213860
555,atar,20.5169,-13.0499,16.65,50,12,4.17,MR,1677213861
556,namibe,-15.1961,12.1522,22.01,83,99,3.0,AO,1677213862
557,mwaro,-3.5,29.6667,14.06,88,95,1.19,BI,1677213862
558,mandera,3.9366,41.867,26.43,54,95,5.02,KE,1677213863
559,sechura,-5.5569,-80.8222,25.9,71,82,3.75,PE,1677213864
560,bitung,1.4451,125.1824,31.47,68,95,6.43,ID,1677213864
561,san jose,37.3394,-121.895,7.9,78,75,8.94,US,1677213817
562,ossora,59.2353,163.0719,-17.3,89,60,0.97,RU,1677213865
563,tete,-16.1564,33.5867,22.05,100,40,2.24,MZ,1677213866
564,djibo,14.1022,-1.6306,23.55,13,3,3.78,BF,1677213866
565,novokizhinginsk,51.6115,109.5917,-4.52,71,16,1.12,RU,1677213867
566,salisbury,51.0693,-1.7957,0.87,87,100,3.09,GB,1677213844
567,rurrenabaque,-14.4413,-67.5278,22.39,99,100,0.48,BO,1677213868
568,walvis bay,-22.9575,14.5053,18.53,88,68,2.06,NA,1677213869
569,qaqortoq,60.7167,-46.0333,-0.83,98,100,1.47,GL,1677213870
570,sorland,67.667,12.6934,1.92,60,100,10.56,NO,1677213871
571,garoua,9.3,13.4,23.03,22,37,1.54,CM,1677213871
572,ventspils,57.3894,21.5606,0.96,100,100,1.03,LV,1677213872
